Joao do mal;123456;60;CIVIL
Cesar;123453;54;NENHUM
Ana Julia de Almeida;11122233301;28;CIVIL
Bruno Carvalho Lima;11122233302;45;MILITAR
Carla Dias Ribeiro;11122233303;33;PREMIUM
Daniel Farias Martins;11122233304;19;NENHUM
Eduarda Gomes Pereira;11122233305;52;CIVIL
Fábio Rocha Azevedo;11122233306;67;MILITAR
Gabriela Santos Costa;11122233307;22;NENHUM
Heitor Oliveira Souza;11122233308;38;PREMIUM
Isabela Ferreira Alves;11122233309;71;CIVIL
João Monteiro Barbosa;11122233310;15;NENHUM
Larissa Pinto da Silva;11122233311;29;PREMIUM
Marcos Vinicius Barros;11122233312;58;MILITAR
Nicole Castro Nunes;11122233313;41;CIVIL
Otávio Mendes Rodrigues;11122233314;30;NENHUM
Patrícia Cunha Ramos;11122233315;49;PREMIUM
Rafael Correia Moraes;11122233316;25;CIVIL
Sofia Teixeira Reis;11122233317;65;CIVIL
Thiago Lopes Brandão;11122233318;34;PREMIUM
Vanessa Freitas Neves;11122233319;27;PREMIUM
William Cardoso Pires;11122233320;75;MILITAR
